{"is_source_file": true, "format": "JavaScript", "description": "This file defines and exports a function 'setupCounter' that initializes a counter on a given DOM element, updating its display upon click events. It appears to be part of a front-end web project, likely for a UI component.", "external_files": [], "external_methods": [], "published": ["setupCounter"], "classes": [], "methods": [{"name": "setupCounter(element)", "description": "Initializes a counter on a DOM element, updates display on click, and sets initial count to zero.", "scope": "", "scopeKind": ""}], "calls": ["element.addEventListener", "setCounter"], "search-terms": ["setupCounter", "counter", "click", "innerHTML", "element"], "state": 2, "file_id": 9, "knowledge_revision": 20, "git_revision": "bf629464f9cb800bcdc39fb13d7ffe13cbf0e1fe", "ctags": [{"_type": "tag", "name": "setupCounter", "path": "/home/kavia/workspace/code-generation/two-player-tic-tac-toe-202455-202465/vite_frontend/src/counter.js", "pattern": "/^export function setupCounter(element) {$/", "language": "JavaScript", "kind": "function", "signature": "(element)"}], "hash": "2ac86fab0c68ff8890db658663b5b7f5", "format-version": 4, "code-base-name": "vite_frontend", "filename": "vite_frontend/src/counter.js", "revision_history": [{"20": "bf629464f9cb800bcdc39fb13d7ffe13cbf0e1fe"}]}