{"is_source_file": false, "format": "", "description": "", "external_files": [], "external_methods": [], "published": [], "classes": [], "methods": [], "calls": [], "search-terms": [], "state": 2, "file_id": 6, "knowledge_revision": 15, "git_revision": "bf629464f9cb800bcdc39fb13d7ffe13cbf0e1fe", "hash": "83876290ee9a0852f7fb36206f4fe9b4", "format-version": 4, "code-base-name": "vite_frontend", "filename": "vite_frontend/package.json", "revision_history": [{"15": "bf629464f9cb800bcdc39fb13d7ffe13cbf0e1fe"}]}