{"is_source_file": false, "format": "", "description": "", "external_files": [], "external_methods": [], "published": [], "classes": [], "methods": [], "calls": [], "search-terms": ["CSS", "style.css", "root", "button", "a:hover", "media", "color-scheme"], "state": 2, "file_id": 8, "knowledge_revision": 17, "git_revision": "bf629464f9cb800bcdc39fb13d7ffe13cbf0e1fe", "hash": "0046c26f2b07b3dbbe7025802177e087", "format-version": 4, "code-base-name": "vite_frontend", "filename": "vite_frontend/src/style.css", "revision_history": [{"17": "bf629464f9cb800bcdc39fb13d7ffe13cbf0e1fe"}]}