{"is_source_file": false, "format": "", "description": "", "external_files": [], "external_methods": [], "published": [], "classes": [], "methods": [], "calls": [], "search-terms": [], "state": 2, "file_id": 12, "knowledge_revision": 14, "git_revision": "bf629464f9cb800bcdc39fb13d7ffe13cbf0e1fe", "hash": "e07c5093c78842a4ba4667fc4b86ccee", "format-version": 4, "code-base-name": "vite_frontend", "filename": "vite_frontend/eslint.config.mjs", "revision_history": [{"14": "bf629464f9cb800bcdc39fb13d7ffe13cbf0e1fe"}]}