{"is_source_file": true, "format": "JavaScript", "description": "This file is the main entry point for a Vite-based web frontend project, setting up initial HTML content and initializing a counter component.", "external_files": ["./style.css", "./javascript.svg", "/vite.svg", "./counter.js"], "external_methods": ["setupCounter"], "published": [], "classes": [], "methods": [{"name": "setupCounter", "description": "Initializes the counter component on the specified DOM element."}], "calls": ["setupCounter"], "search-terms": ["main.js", "Vite", "setupCounter", "JavaScript DOM manipulation", "frontend initialization"], "state": 2, "file_id": 10, "knowledge_revision": 18, "git_revision": "bf629464f9cb800bcdc39fb13d7ffe13cbf0e1fe", "ctags": [], "hash": "de692c7004bd5381710c3a0b68a7bb3e", "format-version": 4, "code-base-name": "vite_frontend", "filename": "vite_frontend/src/main.js", "revision_history": [{"18": "bf629464f9cb800bcdc39fb13d7ffe13cbf0e1fe"}]}