{"is_source_file": true, "format": "JavaScript", "description": "Vite configuration file exporting server setup options for development environment.", "external_files": ["vite"], "external_methods": ["defineConfig"], "published": ["default"], "classes": [], "methods": [{"name": "defineConfig", "description": "Function imported from 'vite' to define Vite configuration object."}], "calls": ["defineConfig"], "search-terms": ["vite", "vite.config.js", "defineConfig", "server", "localhost", "port", "cors", "headers", "watch"], "state": 2, "file_id": 7, "knowledge_revision": 19, "git_revision": "bf629464f9cb800bcdc39fb13d7ffe13cbf0e1fe", "ctags": [], "hash": "2deb64ad96a3a98b4060c8c42df3b884", "format-version": 4, "code-base-name": "vite_frontend", "filename": "vite_frontend/vite.config.js", "revision_history": [{"19": "bf629464f9cb800bcdc39fb13d7ffe13cbf0e1fe"}]}