{"is_source_file": false, "format": "", "description": "", "external_files": [], "external_methods": [], "published": [], "classes": [], "methods": [], "calls": [], "search-terms": [], "state": 2, "file_id": 11, "knowledge_revision": 21, "git_revision": "bf629464f9cb800bcdc39fb13d7ffe13cbf0e1fe", "hash": "36f56efea1d97aaf975cf14ca29c7d4d", "format-version": 4, "code-base-name": "vite_frontend", "filename": "vite_frontend/index.html", "revision_history": [{"21": "bf629464f9cb800bcdc39fb13d7ffe13cbf0e1fe"}]}