{"is_source_file": false, "format": "", "description": "", "external_files": [], "external_methods": [], "published": [], "classes": [], "methods": [], "calls": [], "search-terms": [], "state": 2, "file_id": 13, "knowledge_revision": 13, "git_revision": "bf629464f9cb800bcdc39fb13d7ffe13cbf0e1fe", "hash": "3f6f307b4667ea8d1bdf4dd68b5838bd", "format-version": 4, "code-base-name": "vite_frontend", "filename": "vite_frontend/tsconfig.json", "revision_history": [{"13": "bf629464f9cb800bcdc39fb13d7ffe13cbf0e1fe"}]}